6262003400582,G1 مشکی,41,28
6262003400629,G1 نقره ای,41,36
6260532822097,اسپاگتی زر ماکارون,32,32
6263118300088,اسپری برف شادی نور آرا,30,30
4300,اسفند کیلویی,3.5,3.5
6260501700401,آب معدنی لاندا خانواده,10,10
6260501700418,آب معدنی لاندا کوچک,6,6
6260166910269,آبمیوه بدون گاز آناناس شط,10,10
160290016690011,آبمیوه بدون گاز آناناس شط,10,10
6260166910238,آبمیوه بدون گاز پرتقال شط,10,10
160290016690008,آبمیوه بدون گاز پرتقال شط,10,10
6260567100177,آبمیوه بدون گاز سیب موز آرامدیس,10,10
160210056710010,آبمیوه بدون گاز سیب موز آرامدیس,10,10
6260166910252,آبمیوه بدون گاز هلو شط,10,10
160290016690010,آبمیوه بدون گاز هلو شط,10,10
6260567100191,آبمیوه پرتقال بدون گاز آرامدیس,10,10
6262228200028,آبمیوه سیب موز بدون گاز نارونه,8,8
6260567100221,آبمیوه چندمیوه بدون گاز آرامدیس,10,10
6260567100221,آبمیوه چندمیوه بدون گاز نارونه,10,10
60000000000011,آدامس 500,0.5,0.5
6261149070314,آدامس توت فرنگی Smile,10,10
6260246020352,آدامس توت فرنگی پرستو,10,10
6260360003583,آدامس دارچینی Fast,10,10
6261149070338,آدامس دارچینی Smile,10,10
162240013800049,آدامس سبیرمنت اوینا,10,10
60000000000010,آدامس شیک هزار,1,1
6261149070307,آدامس موزی Smile,10,10
6260360003590,آدامس نعنائی Fast,10,10
6261149070321,آدامس نعنائی Smile,10,10
60000000000012,آلوچه آی پارا,10,10
60000000000045,آلوچه کبری,10,10
6263336000012,آمور مشکی,32,30
3900,بادام زمینی,150,150
6970320874213,باطری قلمی Giga cell تکی,8,5.2
6260543503855,بالشتی چاکلز,5,4.5
4400,برنج,3.5,620
6264078408258,بستنی بیسکوادو الدورادو,10,8
6264078408005,بستنی پیچی الدورادو,10,8
6260176806545,بستنی چوبی برنارد,10,1.59
6261163400258,بستنی حصیری چشمه چین,10,1.98
60000000000033,بستنی زمستانی,10,1.3
6264078400719,بستنی عروسکی دومینو,10,1.3
6261163400012,بستنی لیوانی میوه ای چشمه چین,20,1.7
6261640507784,بستنی نان خامه ای به تک,10,1.66
6261163400104,بستنی وانیل لیوانی چشمه چین,10,1.9
4500,بنزین بطری,7,1.28
4600,بنزین دو لیتری,8,1.62
6261204000133,بهمن پایه بلند,16,15
6269365700077,بیستون سفید,20,18
6269365700152,بیستون مشکی,21,19
6269365700084,بیستون مشکی نانو,20,18
6269365700138,بیستون نقره ای پایه بلند,17,17
6269365700091,بیستون نقره ای نانو,20,18
6262098700048,بیسکوئیت پذیرایی پویان فر,20,20
6260501001065,بیسکوئیت دایجستیو نادری,20,20
2700,بیسکوئیت فله,100,100
6260501003083,بیسکوئیت کنجد و ریحان نادری,10,10
6260501003090,بیسکوئیت کنجد و شوید نادری,10,10
6260003111798,بیسکوئیت مادر ویتانا,13,13
6261178014044,بیسکوئیت های بای آناتا,8,8
6261149065594,پاستیل jelifun شیرین عسل,5,5
6931905021019,پاک کن,5,5
227322517542789,پاکت فریزر پرفراژ دار نیلی,15,15
228422517542789,پاکت فریزر نیلی,10,10
60000000000018,پای سیب,7,7
6260501000563,پتی بور کاکائو نادری,15,15
6260501000556,پتی بور وانیلی نادری,15,15
6262894300671,پرستون,15,15
60000000000036,پشمک تکی,15,15
6260543504883,پفک پنیری چاکلز,15,15
6260543504906,پفک پنیری خانواده چاکلز ,15,15
6265663103930,پفک توپی خانواده لینا ,15,15
6260501002024,پفک توپی نادری,15,15
6260543502865,پفک توپی و حلقه ای چاکلز,15,15
162900054350484,پفک چاکلز جادویی,15,15
6260501002055,پفک چرخی نادری,15,15
6262477390211,پفک طلایی پنیری مزمز,15,15
6260501002048,پفک طلایی نادری,15,15
6265663104609,پفک لوله ای خانواده لینا ,15,15
6260501002017,پفک لوله ای نادری,15,15
6260501002260,پفک لوله ای نادری خانواده,15,15
6265663103558,پفک مینی لینا پنیری,15,15
6265663103565,پفک مینی لینا پنیری,5,4
6260100109391,پفک نمکی مینو,20,15
1200,پنیر,85,80
6260470700013,پودر بهداشتی سولدی,2.67,1.56
6260001400917,پودر رخت شویی Home Care,3.55,1.81
6260232802672,پودر رختشویی آبان,20,1.96
6260103123486,پودر ژله رضوی,30,30
6262554201348,پودر ماشین لباسشویی Safari,25,25
6263414002501,پودر ماشین لباسشویی تاژ,25,25
6261005083618,پودر ماشین لباسشویی یکتا,25,25
6261580000031,پودر موبر برتر,5,5
6269432700030,پودر مورچه آژار,37,37
60000000000009,تافی Teehoo,120,120
6260170901697,تافی با روکش کاکائو نادری,120,120
6260170901710,تافی با روکش کاکائو نادری,120,120
1300,تخم مرغ,3.5,2.7
60000000000029,تخمه آفتابگردان,150,150
6959023907183,تراش,5,5
60000000000006,تمبر هندی,5,5
6268612400074,تنباکو دوسیب,40,35
8964000765135,تیغ Treet,15,15
60000000000019,جوراب نانو,25,25
6260543502650,چاکلز فنری,15,15
6260026120036,چای ارل گری شهرزاد,180,180
60000000000026,چایی,3.16,1.22
6263696200046,چسب 123 Muta Fix,20,20
6260581100023,چسب زخم فیکو پلاست,7,7
60000000000025,چسب شیشه ای,15,15
60000000000022,چسب قطره ای,20,20
6260421200579,چی پف تخم مرغی دینا,20,20
6261847503909,چی پف توپی دینا,20,20
6263812802130,چی پلت  سرکه ای دینا,15,15
6263812802123,چی پلت کچاپ دینا,20,20
6263812801256,چی توز طلایی خانواده,45,40
6260053184018,چیپس پیاز جعفری چی توز,20,20
6260575902824,چیپس خلال سیب زمینی باتو,33,20
6260002931380,چیپس خلال سیب زمینی مزمز,16,13.5
162900054350535,چیپس سرکه ای چاکلز,20,20
6260543502964,چیپس سرکه چاکلز,20,20
6260543502216,چیپس سرکه چاکلز خانواده,20,20
162900054350454,چیپس سرکه چاکلز خانواده,20,20
6260575900554,چیپس سیب زمینی لیمو باتو,20,20
6260543502902,چیپس سیر و سبزیحات چاکلز,20,20
6260053183981,چیپس فلفلی خانواده چی توز ,20,20
6260575903227,چیپس کچاپ باتو,10,10
6260543502940,چیپس کچاپ چاکلز,15,15
162900054350533,چیپس کچاپ چاکلز,15,15
6260543502247,چیپس کچاپ چاکلز خانواده,15,15
162900054350457,چیپس کچاپ چاکلز خانواده,15,15
6260575900554,چیپس لیمو باتو,10,10
6260543502971,چیپس ماست و ریحان چاکلز,18,18
6269994000012,حشره کش بایکوت,90,90
6260861800346,حلواشکری علاقه مند,19,19
6260405200809,خامه نیم چرب صباح,40,40
1400,خرما مرسانا,150,150
6260053185954,خلالی چی توز خانواده,30,30
6261101511152,خمیر دندان نسیم,25,25
8902061154857,خودکار آبی Claro,6.5,6.5
6260556513889,خودکار آبی الوند,6.5,6.5
6260556513940,خودکار مشکی الوند,6.5,6.5
60000000000017,دارچین ,3.04,1.96
60000000000028,دارچین چوبی,2.75,1.66
60000000000060,دراژه کاکائویی افشنگ,20,20
6260501001614,دراژه کاکائویی بانتی,20,20
6260567199461,دراژه کاکائویی ورقی به آمد,20,20
60000000000021,دستکش استاد کار,20,20
6260009110061,دستکش خانگی ساق بلند پرین,40,40
6260045200610,دستکش خانگی ساق بلند رز مریم,40,40
6260140300154,دستکش صنعتی کاریار Large,35,35
6261153400022,دستکش نخی کالکان,20,20
6261156800027,دستمال توالت روشا,35,35
6262816600025,دستمال کاغذی 3 تایی نازبر,35,35
6260162504646,دستمال کاغذی 50 ورق بیتا,35,35
6260079272645,دلستر Blue Tropical دادلی,30,30
6260079211095,دلستر انبه بهنوش,30,30
6260079216014,دلستر انگور قرمز گازدار تاک,30,30
6260789600363,دلستر انگور قرمز گازدار خوش تاک,30,30
6261196090563,دلستر انگور قرمز گازدار ساندیس,30,30
6260079240781,دلستر آلوئه ورا بهنوش,25,30
6260079215017,دلستر شیشه ای انگور تاک,20,20
6260079210043,دلستر لیمو شیشه ای  Delester,20,20
6260501700197,دلستر لیمو مرحبا,30,30
7000,ذرت,80,80
6261422503423,رانی پرتقال,30,30
6261422504086,رانی سیب,30,30
6261422503782,رانی هلو,30,30
6269352100828,رب گوجه فرنگی خوشبخت,50,50
6260243211029,رشته سوپ ADL,15,15
6260295101385,روغن 5 کیلویی ساعی,350,350
6262144201185,روغن مایع مخلوط خانواده نگین,130,130
6262754000161,روغن مایع مخلوط کوچک هایلی,130,130
6262144200843,روغن مخصوص سرخ کردنی خانواده نگین,130,130
6262032507221,روغن مخصوص سرخ کردنی کوچک فامیلا,70,70
6900,زاج,3.22,1.24
6800,زرد چوبه,300,300
60000000000061,زغال IMAX,180,180
60000000000041,زنجبیل,2.34,1.03
6260623920343,ژله آماده سوتاش,10,10
6501055825012,ژیلت GT-H,15,15
6162730734892,ژیلت داروکو ,15,15
6269183300114,سس گوجه فرنگی تند منحصر,35,35
60000000000008,سس گوجه فرنگی منحصر,35,35
60000000000039,سنگ فندک,5,5
6260055843234,سون آپ خانواده,42,35
6261845300227,سون آپ کوچک,15,15
60000000000014,سویا,2.48,1.93
236120120400057,سیگار کیش,15,15
60000000000024,شاخه نبات,3.72,1.36
1500,شارژ 10 هزار,11,11
1600,شارژ 2 هزار,2.5,2.5
1700,شارژ 20 هزار,21,21
1800,شارژ 5 هزار,5.5,5.5
6260031021038,شامپو حنای صحت متوسط,30,30
6260374100292,شامپو سیر ناران,50,50
6261101521205,شامپو شبنم معمولی بزرگ پاکسان,12,12
6261101521038,شامپو شبنم معمولی کوچک پاکسان,12,12
6260031000026,شامپو صدر صحت متوسط,30,30
6700,شکر,60,50
60000000000003,شکلات عسلی,10,10
6261178540284,شیرین عسل چمک,4,3.1
6260016340666,شیشه پاک کن رایت,30,30
6263936300758,صابون فاکس,80,80
6262616200135,صابون گل نرگس بسته ای,100,100
2161230261620003,صابون گل نرگس تکی,100,100
6261101313039,صابون گلنار بسته ای,100,100
6600,صابون گلنار تکی,17,17
60000000000031,صابون مراغه ای,80,80
60000000000043,عدس,3.58,1.22
6260591010381,فراورده بیسکوئیت با کاکائو تانیان,10,10
60000000000020,فندک ,8,8
60000000000004,قرص نعنا,1,1
60000000000016,قلنجان,150,150
60000000000023,قند,60,60
6260360050358,قهوه بدون شکر کوپا,8,8
6260360000230,قهوه شکلاتی کوپا,8,8
6260360000254,قهوه فندقی کوپا,8,8
6260360000285,قهوه کلاسیک کوپا,8,8
6260623920886,کاکائو ساعتی سوتاش,5,5
1169910018400002,کبریت بسته ای,10,10
1169910018400001,کبریت تکی,1,1
6260501002598,کراکر کنجد و زیره سیاه نادری,4,4
6260501002635,کراکر گوجه و ریحان نادری,4,4
6260543502803,کرانچی پنیری چاکلز,18,18
6261847503244,کرانچی پنیری چی توز,18,15
6262477320355,کرانچی فلفلی مزمز,12,12
6260623900437,کرم کاکائو سوتاش,12,12
6262532300032,کره حیوانی آذربایجانه,15,15
6267588100018,کره حیوانی دامبان,15,15
6261886700925,کره گیاهی حلوات,7,7
60000000000020,کشمش,2.85,1.87
60000000000032,کشمش,3.43,1.06
6260901100313,کلوچه شارونا لاهیجان,10,10
6260501002840,کلوچه نارگیلی نادری,10,10
1100,کماج,4,3
6260176817824,کمپوت آناناس حلقه ای Charli,90,90
6260477100472,کمپوت گیلاس بهدیس,42.5,42.5
6260942600025,کمپوت گیلاس گلرخ,42.5,42.5
6269352101368,کنسرو بادمجان خوشبخت,40,40
6269352100699,کنسرو لوبیا چیتی خوشبخت,40,40
6269352100675,کنسرو لوبیا و قارچ خوشبخت,45,45
6265499500040,کنسرو ماهی تن ایلیکا,85,80
6260501000044,کیک با مغزی کرم کاکائو نادری,10,10
6261583001233,کیک کرمدار پرتقالی ایستارام,10,10
6260543504562,کیک لایه ای با کرم کاکائویی چاکلز,10,10
6260501000594,کیک لایه ای با کرم کاکائویی نادری,12,12
6260501000433,کیکی اسفنجی چیپس شکلات نادری,10,10
6260501000440,کیکی اسفنجی کنجدی نادری,10,10
6268612401767,گاز فندک بدون بو کاراپارسیان,30,27
60000000000030,گردو,3.48,1.29
60000000000050,گز,2.71,1.39
6500,گلاب مه گل,20,20
8805634980955,لاک غلطگیر duet,18,18
60000000000046,لپه,150,150
60000000000001,لواشک آلو بدون هسته,2,2
60000000000015,لواشک آلو هسته دار,2,2
60000000000040,لواشک سسی توماج,2,2
1606220095780005,لواشک سسی هفت باغ,2,2
60000000000002,لواشک موبایلی ترش نام,3.58,1.62
60000000000007,لواشک موبایلی جهش,2,2
6262422100001,لواشک میوه ای شورکام,2,2
60000000000044,لواشک میوه ای ملوسک,2,2
60000000000047,لوبیا,150,150
6265714700026,ماژیک Persia,20,15
6954941740010,ماژیک شارژی Corona,15,15
60000000000052,ماسک,1.5,1.5
6262310800372,مایع جرم گیر کوبار,20,20
6261119030812,مایع دستشویی بوژنه,30,30
6262310800334,مایع سفید کننده کوبار,20,20
6261005081652,مایع ظرفشویی لیمو آرن,45,45
6263414003645,مایع ظرفشویی لیمو+جوش شیرین تاژ,45,45
6260297130024,مداد قرمز ARYA,10,7
6260297130017,مداد مشکی ARYA,10,8
6948031122169,مسواک Fami Care,25,25
6261670803245,مسواک Hi Dent,25,25
6262003400124,مگنا,40,35
6260543504289,مولتی غلات عسل و خردل,20,15
6260931400834,مونتانا گلد,35,30
6260931400315,مونتانا مشکی,25,25
815082008567,موند تاج آبی,17,17
815082008574,موند تاج سفید,17,17
815082008550,موند تاج مشکی,17,17
815082007980,موند سفید,20,20
8150820079594,موند مشکی,20,20
60000000000053,نبات,3.52,1.31
60000000000054,نبات نعنایی,2.96,1.18
60000000000055,نخود,90,90
6262958300012,نسکافه Magush,8,8
60000000000056,نقل,70,70
6260100601116,نکتار آناناس سن ایچ,25,25
6262181500128,نمک بلوردانه,5,5
6260114810092,نوار بهداشتی بالدار پنبه ریز,35,35
60000000000057,نوار چسب,10,10
6260313110498,نوشابه اشی مشی زرد خانواده,30,30
6260313110474,نوشابه اشی مشی مشکی خانواده,30,30
6260055843036,نوشابه پپسی مشکی خانواده,40,35
6260501700111,نوشابه تسنیم مشکی خانواده,15,15
6260022324025,نوشابه زمزم مشکی خانواده,35,30
6260079276032,نوشابه شیشه ای زرد IRANADA,20,20
6260079276025,نوشابه شیشه ای مشکی IRANADA,20,20
6260806400068,نوشابه فانتا خانواده,35,35
6261939930071,نوشابه قوطی Stina پرتقال,30,30
6261939930149,نوشابه قوطی Stina سیب,30,30
6260806400013,نوشابه کوکا کولا کوچک,45,45
6260806400020,نوشابه کوکاکولا مشکی خانواده,50,45
6260501700104,نوشابه لاندا زرد خانواده,15,15
60000000000058,نوشمک,2,2
6268666401201,ویسدوم,12,12
6268666401645,ویسدوم مشکی,10,10
6260170900515,ویفر با مغزی پرتقال نادری,6,6
6260124300453,ویفر توت فرنگی Week,6,6
6260170901031,ویفر رول رول کاکائو نادری,8,8
6260170900492,ویفر رول رول نادری,10,8
60000000000059,ویفر فله,100,100
6261178046762,ویفر موزی لاویتا,8,8
6260170900294,ویفر موزی نادری,8,8
6260308310070,سس مایونز بزرگ سحر,80,80
6260436200762,کمپوت گلابی خرسند,30,30
6260501000808,بیسکوئیت کرمدار با آرد گندم نادری,20,20
6260098400906,کلوچه با مغز گردویی نادری,10,10
6260098400913,کلوچه با مغزی نارگیلی نادری,10,10
6260053183974,چیپس نمکی بزرگ چی توز,20,20
6261310300035,آبلیمو دلیل,45,45
165210131030003,آبلیمو دلیل,45,45
6264078400436,بستنی کیم دومینو,10,10
6261928100249,بستنی زمستانی Ronak,10,10
133100192810041,بستنی زمستانی Ronak,10,10
6260501001942,دراژه شکلاتی شیری بانتی,5,5
6260501002253,پفک طلایی خانواده نادری,35,35
1300,تخم مرغ,3.5,2.7
6260100109346,پفک نمکی بزرگ,25,20
6260556513919,خودکار قرمز الوند,6.5,6.5
6263812801393,چی توز موتوری,20,16
165220188320010,سرکه زبیح,45,45
6267778100255,روغن مخلوط ورامین,130,13
6261883201319,سرکه زبیح,45,45
6262753000278,روغن 4 کیلو فامیلا,19,19
6265826100134,موند سفید (جدید),23,21
6262003402647,جی وان مشکی,41,36
6262003401961,وینستون سیلور,57,53
6269365700251,بیستون سیلور,21,19
6260303716501,دفتر 40 برگ,15,15
225822517542789,فریزر نیلی,10,10
1661983229391,فریزر چسبی لیا,15,15
َ016610021815001َ,نمک بلوردانه,5,5
160610198750002,لواشک زردآلو رها,10,10
6260268400170,کرم کاکائو خوشنوا,15,15
6234211201886,لواشک رها,10,10
6268666400556,اچ دی توربو,10,10
6268666401553,ویزدوم مشکی باریک,10,10
6268666401188,ویزدوم سیلور,14,14
6265826100844,موند تاج نقره ای,21,18
6265826100868,موند تاج مشکی,21,18
6260079200914,لیموناد بهنوش,30,17
6261149146071,دلستر سیب اسکای,30,30
6261149146088,دلستر انگور اسکای,30,30
6261845300173,نوشابه پپسی مشکی خانواده,35,35
6262412625057,آب معدنی سهند,10,10
6269988500269,آبمیوه انبه شنتی,15,10
6261149128138,شکلات گلدن نانی شیری,50,50
6261149128213,شکلات کارا نانی تلخ,60,60
6260111310106,ساقه طلایی سبوس دار,20,18
6260170901840,ویفر موزی نادری,8,8
6260170900294,ویفر موزی نادری,8,6
6260170900522,ویفر کاکائو نادری,8,6
6260170900515,ویفر پرتقالی نادری,6,6
6260170900461,ویفر رول رول کاکائو,6,6
6260138000011,آدامس عکس دار,10,10
6263414003652,مایع ظرف شویی تاژ لیموسرکه,65,65
6260151810017,صابون مراغه ای,80,80
6263936300758,صابون حمام فاکس,80,80
2282110065170121,لامپ 15 وات نارون,55,55
6260039016517,لامپ 100 وات پارس,15,15
6260201170054,پودر ژله بلوبری,30,30
6260201102239,پودر ژله آلوئه ورا,30,30
6260201109535,پودر ژله پرتقالی,30,30
6260201109917,پودر ژله موزی,30,30
6260201109320,پودر ژله انگور,30,30
6269988500207,آبمیوه شنتی آناناس,10,10
6260124301467,سیب موز کریشنا,10,8
6260313110467,نوشابه کوچک اشی مشی,15,15
167220341590011,سویا ملوان,25,25
6263415901599,سویا ملوان,25,25
2162314158000003,موبر برتر,5,5
6261580000031,موبر برتر,5,5
2162314047070002,پودر بهداشتی مطرح,10,10
6260470700013,پودر بهداشتی مطرح,10,10
6260204501633,جرم گیر راپیدو,20,20
6262310800105,مایع دستشویی رایش,30,30
6262310800105,مایع دستشویی رایش,30,30
6261101640340,خمیر دندان پونه,25,25
6261670803870,مسواک های دنت,25,25
160100153410010,کمپوت گلابی مقدس,37.5,35
6260007463107,شیر کم چرب پگاه,10,10
6260007406487,شیر کاکائو پگاه,17,14
6260007406463,شیر موز پگاه,17,17
6260800900588,آبمیوه 1 لیتر آناناس تگ گل,35,35
6260800900618,آبمیوه 1 لیتر هلو تگ گل,35,35
6260166910313,آبمیوه بدون گازانبه شط,10,10
160290016690013,آبمیوه بدون گازانبه شط,10,10
160290016690011,آبمیوه آناناس شط,10,10
6260166910269,آبمیوه آناناس شط,10,10
6260166910238,آبمیوه پرتقال شط,10,10
160290016690008,آبمیوه پرتقال شط,10,10
6260010509878,شامپو بچه گلرنگ ,17,17
6263430600620,شامپو سیر پرژک,60,50
6260750400497,کنسرو لوبیا چیتی دونارسی,40,40
6265499500101,رب گوجه فرنگی ایلیکا,60,50
160100205050004,کمپوت گیلاس سید,42.5,42.5
6262050500297,کمپوت گیلاس سید,42.5,42.5
6260282200220,کمپوت گیلاس دیموت,42.5,42.5
6260750400510,لوبیا چیتی با قارچ دونارسی,45,45
6262684200778,تن ماهی تام ناب,70,70
161100268420079,تن ماهی تام ناب,70,70
6261106001399,تن ماهی چین چین,80,80
6265499500040,تن ماهی ایلیکا,80,80
6260217600866,کشک مایع تبرک,70,70
6260037310006,سس گوجه فرنگی بیجام,35,35
6260308301467,سس فرانسوی سحر,60,55
6263057301481,آبلیمو دست چین,50,50
6260079201225,نوشابه انرژی زا استارت,25,25
6261422503003,رانی آناناس,30,26.25
6261422503157,رانی انبه,30,30
6260658200564,خامه خضراء,40,40
6260026101066,چای شهرزاد,350,300
6260140300338,دستکش صنعتی کاریار ,35,35
6260140300154,دستکش صنعتی کاریار ,35,35
6260140300130,دستکش صنعتی کاریار ,35,35
6260108300165,روغن لادن 5 کیلو,450,350
6260108399831,روغن لادن 5 کیلو حلبی,380,380
6260108300325,روغن مایع آفتابگردان لادن,130,130
164200010050787,روغن 5 کیلو گلناز حلبی,350,350
6260100509023,روغن 5 کیلو گلناز حلبی,350,350
6260152300586,روغن سرخ کردنی آفتاب,130,130
6260152300593,روغن آفتابگردان لادن,130,130
6260108300271,روغن مایع آفتابگردان لادن,130,130
6262144200119,روغن مایع کوچک نگین,70,70
164200214420011,روغن مایع کوچک نگین,70,70
2161210023280106,پودر رختشویی آبان,25,25
6261005083984,پودر رختشویی دی,25,25
6261005083922,پودر رختشویی آرن,25,25
6260232802689,پودر ماشین لباسشویی آبان,30,30
6261005083939,پودر ماشین لباسشویی آرن,30,30
6269771300359,حشره کش تارومار,90,90
6260142650523,سرکه قزوین دبه,50,50
2162250019170016,نوار بهداشتی لیدی ناز,15,15
6260191700767,نوار بهداشتی لیدی ناز,15,15
6263957100184,نوار بهداشتی مای لیدی,35,35
2162250395710003,نوار بهداشتی مای لیدی,35,35
2162250019170016,نوار بهداشتی گلشن,7,7
6260191700767,نوار بهداشتی گلشن,7,7
2162410261960062,دستمال آدریانا 3 عددی,25,25
6262619600727,دستمال آدریانا 3 عددی,25,25
2112265425554,دستمال پرفکت,35,35
2162410115680001,دستمال توالت روشا,15,15
6269447802224,چسب زخم مدیفکس,10,7
1900,تخمه کیلو 150,150,150
2000,تخمه کیلو 100,100,100
2100,تخمه کیلو 120,120,120
2200,قند کیلویی,80,70
2300,جوراب,25,20
2400,نبات,70,70
2500,ویفر کیلو 80,100,80
2600,ویفر ,120,100
2700,بیسکوییت فله ,100,100
2800,آبنبات,70,70
2900,ذغال فله,180,180
3000,چای فله ,850,700
3100,نخود,100,90
3200,عدس,180,150
3300,لپه,180,150
3400,دستکش استاد,20,20
3500,دستکش تکنسین,40,40
3600,کاغذ کادو,5,5
3700,شکلات فله 150,150,150
3800,لیمو خشک,150,150
3900,بادام زمینی,150,150
4000,نقل,70,70
4100,لوبیا کیلویی ,160,120
6260308304437,سس کچاب سحر,35,35
6260308304444,سس تند سحر,35,35
6262484608583,آبنبات چوبی آناناس,1,1
6262484608644,آبنبات چوبی آلبالو,1,1
6262484608651,آبنبات چوبی بلوبری,1,1
6262484608613,آبنبات چوبی کولا,1,1
6262484608606,آبنبات چوبی سیب,1,1
4200,آبنبات چوبی,1,1
6262050500211,کمپوت گیلاس آقاجون,42.5,42.5
160100205050003,کمپوت گیلاس آقاجون,42.5,42.5
6262916600253,دوغ خوشگوار,40,40
6269100604011,پشمک زعفرانی ,15,15
162810910060001,پشمک زعفرانی ,15,15
162810910060002,پشمک کاکائو,15,15
6269100604028,پشمک کاکائو,15,15
6261005000257,مایع ظرف شویی دی لیمو,45,45
6261847503275,کرانچی فلفلی چی توز,18,15
6260575900769,چیپس کچاب کوچک باتو,5,5
6263812800334,چی پلت سرکه ای,18,15
6261178014334,کراکر نمکی فوج,4,4
6260575904309,چیپس کچاب متوسط باتو,10,10
6260002926331,چیپس سرکه ای مزمز,25,21
6260575904279,چیپس سرکه ای متوسط باتو,15,10
6260575904330,چیپس مرغ سوخاری باتو,15,10
6260575904323,چیپس فلفلی باتو,10,10
6260002926348,چیپس کچاپ مزمز,25,21
6260002931205,چیپس ماست و ریحان مزمز,25,18
162900054350626,بالشتی چاکلز,5,5
6260404400200,شیرینی وثوق پرتقالی,7,5
6260469900509,کیک موزی بابانا,12,10
162510046990021,کیک موزی بابانا,12,10
6260176502508,شیرین عسل ,4,4
162300017650160,شیرین عسل ,4,4
6260918500175,کلوچه گردویی لاهیجان,10,10
162510046990122,کیک بابا 2,8,7
6260469900110,کیک بابا 2,8,7
6260918500182,کلوچه نارگیلی لاهیجان,10,10
6260103100012,کیک صبحانه نان رضوی,16,16
6260501000440,کیک اسفنجی کنجدی,8,8
6260501000433,کیک اسفنجی کاکائو,10,10
6260501000044,کیک کاکائویی نادری,7,7
6262477911157,بادام زمینی سرکه ای مزمز,20,16.8
6262477911973,مغز تخمه سرکه ای,20,16.8
6261149065129,پاستیل قلبی,5,5
6261149065112,پاستیل خرسی,5,5
6261149065594,پاستیل نوشابه ای,5,5
6261149065136,پاستیل پروانه ای,5,5
6261149065679,پاستیل انار,5,5
6264078411593,بستنی چوبی کاکائو الدورادو,10,8.5
6261163400197,بستنی لیوانی میوه ای چشمه چین,10,8.5
6264078409163,بستنی کیمی الدورادو,15,10
6264078408067,بستنی حصیری الدورادو,10,10
6264078411616,بستنی توت فرنگی الدورادو,15,7.333
6264078411609,بستنی موزی الدورادو,15,10
6264078402324,بستنی فالوده دومینو,10,7
6260522306576,بستنی هندوانه,10,10
133100116340027,بستنی قیفی شکلاتی چشمه چین,10,10
6261163400289,بستنی قیفی شکلاتی چشمه چین,10,10
6264078411395,بستنی بیسکویتی دومینو,10,10
6260522304046,بستنی کاکائو دایتی,10,10
6263812801249,چی توز طلایی متوسط,20,20
6260053158989,چی توز حلقه ای,20,20
6263812801232,چی توز موتوری بزرگ,35,35
6260053186241,چی توز چرخی,25,23
6260543505668,پفیلا کوچک هاگلز,5,5
162900054350822,پفیلا کوچک هاگلز,5,5
6265663103961,پفیلا کچاپ لینا,15,15
6261178411010,پفک نمکی توپوق,15,15
6263812801256,چی توز طلایی بزرگ,45,40
6263812801225,چی توز موتوری,25,20
6260142610053,سرکه قزوین بطری,50,50
6260396100560,کاکائو فندقی,6,6
162230039610011,کاکائو فندقی,6,6
6269948100638,نسکافه تیم,10,6
6262690600074,ژله نارسودا,10,10
6260567198587,کاکائو به آمد,12,12
162230056710017,کاکائو به آمد,12,12
6260623920510,کاکائو قاشقی,5,5
4700,سرکه مهستان قزوین,35,35
4800,ژله 2000,2,2
4900,ژله 4000,4,4
5000,لواشک رز طلا,2,2
5100,کاکائو 2000,2,2
5200,آدامس عکس دار,1,1
5300,آدامس سکه ای,2,2
5400,بادکنک بزرگ ,3,3
5500,بادکنک کوچک,0.4,0.4
5600,چای فله ,1000,750
6261580000017,موبر بدون بو برتر,10,10
2162314158000002,موبر بدون بو برتر,10,10
5800,آدامس تتو اوینا,3,3
6263380901228,ژله آماد نوبل,10,10
6260748000371,کراکر کاکائو افشنگ,7,7
6260138002169,آدامس توت فرنگی اوینا,10,10
162240047420017,آدامس موزی فز,10,10
6260138002138,آدمس نعنایی,10,10
6261149074541,آدامس نعنایی smile,10,10
6260474216800,آدامس بادکنکی میوه ای,5,5
160610318690001,آلوچه چند میوه رخسار,2,2
6263186900012,آلوچه چند میوه رخسار,2,2
5900,لواشک سسی,2,2
6260109281555,کرم کاکائو آیدین,12,12
6260000700025,باتری قلمی موبیت,8,8
6260000700032,باتری نیم قلمی موربیت,8,8
6260138003319,اسمارتیس sweet day,10,10
6000,کبریت ستاره ممتاز,1,1
6100,نوار چسب,10,10
8902061156820,خودکار کلارو,6.5,6.5
6266264000147,خودکار کیان,6.5,6.5
6260000771995,وازلین لیوزیا,25,25
6263380900658,ژله آماده ژیلنا,10,10
6200,چسب شیشه ای,15,15
6300,چسب 5 سانتی,25,20
6400,پودر مورچه نابود,25,25
6260124301429,ساندیس انگور کریشنا,8,8
6269893300695,کره گیاهی صبح داران,7,7
6262532300070,کره گیاهی آذربایجان,7,7
6260004276212,کره حیوانی کیله چو,20,15
6260079200839,دلستر شیشه ای انگور تاک,25,20
6261149146101,دلستر انار اسکای,30,30
162810216710010,حلوا شکری سیرنگ,28,25
6262167101516,حلوا شکری سیرنگ,28,25
6261178017779,بیسکوئیت موزی آناتا,15,15
6261178411010,پفک نمکی توپوق,15,15
6265826100028,موند مشکی,23,21
6262003401954,وینستون آبی,57,54
6268167900012,اسکار مشکی,23,21
6268167900050,اسکار نقره ای,28,26.5
6260002666725,لواشک رز طلا,10,10
6261149190210,ماکارونی شیما,27,24
6269948100201,شکلات داغ تیم,12.5,10
6260533000067,کمپوت گیلاس بهشاد,50,45
133200064440006,شیر فافا,10,10
6260161504913,شیر پرچرب کاله,50,45
6260161504906,شیر کم چرب کاله,40,35
6260644400497,شیر فافا,10,10
6260166910306,آبمیوه سیب موز ,10,10
160290016690012,آبمیوه سیب موز ,10,10
6260166910269,آبمیوه هلو,10,10
160290016690011,آبمیوه هلو,10,10
160310066200020,آبمیوه هلو,10,10
6260166910306,آبمیوه سیب موز ,10,10
6260161506450,خامه کاله,45,45
6260152300579,روغن مایع آفتاب ,130,130
6260308310278,سس مایونز بزرگ سحر,80,75
6260138002121,آدامس موزی ,10,10
5700,شکلا فله 120,120,120
7100,دستکش ساق بلند تیراژه,40,40
6265663104265,برنجک لینا,10,10
6260176502508,شیرین عسل,4,4
162300017650160,شیرین عسل,4,4
6260918500175,کیک گردویی لاهیجان,10,10
162900054350642,مولتی غلات عسل و خردل,15,15
6263812801386,چی توز طلایی,20,16
6260053185640,چی توز خلالی,12,12
6260053186333,چی پلت کچاپ,18,16
6261149188453,کیک وانیلی شیرین عسل,5,5
6260000252135,نودالیت تکی,15,13
6260001171039,نودالیت بسته ای ,75,65
6260001171022,نودالیت بسته ای ,75,65
6260001171008,نودالیت بسته ای ,75,65
6260000252166,نودلیت مرغ,15,13
133100116340003,بستنی حصیری محلی,20,17.5
6261163400036,بستنی حصیری محلی,20,17.5
6260063201057,معجون پاک,15,13
6264078410992,کیمی دو مینو,15,13
6260063298149,مینی پاکنوم,15,12.8
6260063214255,کیمی استارلا,10,8.5
6260063225435,لیوانی پاک,10,7
600000000008,لیوانی سنتی,20,17.5
6260063295841,قیفی استارلا,10,7
6260522300031,بستنی موزی دایتی,10,8.8
6260063202139,گز بستنی,15,12.8
7200,بستنی لیوانی ,10,7
7300,بستنی حصیری,10,7
6264078409156,بستنی عروسکی الدورادو,10,7
6260138002787,آدامس سکه ای,2,2
6260474216404,بادکنک کوچک,0.4,0.4
7400,باسلوق,6,6
7500,آدامس شیک,2,2
6260501700753,دلستر لیمو لاندا,15,11.6
6261149146125,دلستر پرتقال اسکای,30,24
7600,دستکش معمولی,30,27
6260002926362,چیپس لیمویی مزمز,30,18
8458412400024,چسب قطره ای,12,7.5
6260488532156,جوراب,15,10.2
6261101140215,وایتکس برف,20,18
160290222820002,ساندیس سیب موز نارونه,8,7
6262228200028,ساندیس سیب موز نارونه,8,7
6260308300460,سس مایونز کوچک سحر,40,37
6260000685506,خرما کبکاب,120,110
6262723900058,خرما کیلویی,72,64
6260000897275,روغن مایع پانا,70,60
6261422504543,نوشابه انرژی زا فایر,30,23
6261178574029,دایجستیو کاکائویی,25,20
6261149098806,خامه شیرین عسل,42,37
6260501003052,کرمدار نارگیل نادری,12,9
6262036200272,لواشک نی نی سون,10,8
6261149067529,پاستیل میوه ای شیرین عسل,150,130
6260002926379,چیپس پیاز جعفری مزمز,25,21
162900054350821,پفیلا پنیری هاگلز,5,4
6260543505682,پفیلا پنیری هاگلز,5,4
6260079211316,دلستر یک ونیم لیمو,35,30
6260079211323,دلستر یک ونیم آناناس,35,30
6260079211293,دلستر یک و نیم استوایی,40,30
6260079277138,لیموناد خانواده بهنوش,30,24
6265554201035,برنج مژده,750,700
6269007000015,برنج جشنواره,650,600
7700,زولبیا و بامیه,180,160
6260737001631,شیر آویسا,10,8
6261422504543,انرژی زا فایر,30,25
2162410115680007,دستمال کاغذی روشا,15,15
6261156800089,دستمال کاغذی روشا,15,15
7800,فندک,10,6
6260575902312,چیپس سرکه کوچک,5,5
6260575902404,چیپس گوجه کوچک,5,5
6260543505347,پفیلا سرکه ای,10,8
162900054350801,پفیلا سرکه ای,10,8
6261149146231,دلستر گلابی,30,25
7900,دارچین,300,280
8936036022933,آدامس موزی اصل,10,8
6260567101723,آی آی به آمد,7,5
626184750344,کرانچی پنیری,18,14
6261149024867,کیک کاکائویی آلبینا,10,10
162300017650160,شیرین عسل,4,3.1
987654321,طلایی چی توز,15,3.1
6261204000164,بهمن کوچک,17,15.2
6265826100837,موند تاج آبی,21,18
6262532300087,کره گیاهی صد گرمی آذر بایجان,14,12
6269948100195,کاپوچینو ,12.5,10
6260501700722,دلستر استوایی آکوالند,15,11.6
6260501700746,دلستر هلو لاندا,15,11.6
6265663104715,برنجک متوسط,12,8
6260543505620,چاکلز پنیر و سبزیجات,15,12
162900054350816,چاکلز پنیر و سبزیجات,15,12
6260543504791,چاکلز جادویی,5,4
162900054350751,چاکلز جادویی,5,4
6262036200012,لواشک شلاقی,5,4
6260170902281,ویفر خانواده نادری,20,16
6260000252128,نودلیت گوشت,15,12
6260000252142,نودلیت تند,15,12
2582525885273,فریزر چسبی خاتون,15,10
6260063204379,بستنی قیفی ,10,8
6260071100601,سس سفید بزرگ,80,75
6260071105088,سس فرانسه,50,47
8000,شمع,15,10
6260055843135,نوشابه میراندا,35,1.8
6264078402188,بستنی سوتی ,15,1.8
6260522305937,بستنی عروسکی,10,1.8
6260063242142,بستنی لیوانی,10,1.8
8100,تیغ,35,1.8
6261163400050,بستنی سنتی,100,80
133100116340005,بستنی سنتی,2.15,80
6260108399831,روغن حلبی لادن,450,400
6260002930727,چیپس ماست موسیر,18,16
6260053183998,چیپس سرکه چی توز,25,21
6261845300166,نوشابه گوچک,15,1.8
8906076274357,برنج خاطره,750,1.8
8906076277990,برنج ترانه,700,1.8
6260000281616,برنج محسن,750,1.8
6262016700594,خامه آلیش,35,1.8
6261939913135,رانی هلو,30,1.8
6261939913142,رانی انبه,30,1.8
8200,نوشمک,3,2.2
2800008128717,برنج سان لند,650,600
7221060,بستنی لیوانی,20,16
6260007501601,شامپو بچه  ,27,22
6928394901960,باتری قلمی,10,7.5
6261149091074,رب شیرین عسل,60,55
6261149188446,کیک کاکائو,5,1.8
6261939913142,رانی انبه,30,1.8
6261149083079,تافی میوه ای,60,52
6262477301750,پفک قلبی,15,11
6262477320379,چانکی پنیر,10,1.8
6260170902045,ویفر موزی,8,6.5
6260170902113,ویفر کاکائو,8,6.5
6260469904804,کیک قلبی,15,12
160620900090003,لواشک,2,1.8
6260294200508,آبلیمو ناجی,60,1.8
6260063204355,بستنی قیفی,10,1.8
6264078409934,بستنی فالوده,10,1.8
6260522300055,بستنی پیچی,15,1.8
6264078405851,هویج بستنی,10,1.8
6260522303568,بستنی موبایلی,10,1.8
6260918500144,کیک لاهیجان,10,1.8
6262684600141,پودر مورچه,25,1.8
6260469901513,بابارول,17,1.8
6260501002901,کیک نارگیل,6,1.8
160290305080017,آبمیوه سیب موز بزرگ,40,40
6260000695383,آبمیوه سیب موز بزرگ,40,1.8
6260016304453,وایتکس ,20,16.5
6261149146118,دلستر آلبالو,35,1.8
